{
    "center": {
        "x": -0.17703144252300263,
        "y": 0.29548078775405886,
        "z": 2.5031702518463136
    },
    "prefabs": [
        {
            "PrefabPath": "Assets/Prefabs/SamplePrefab.prefab",
            "position": {
                "x": -0.17703144252300263,
                "y": 0.29548078775405886,
                "z": 2.5031702518463136
            },
            "eulerAngles": {
                "x": 0.0,
                "y": 0.0,
                "z": 0.0
            },
            "scale": {
                "x": 1.0,
                "y": 1.0,
                "z": 1.0
            }
        }
    ]
}
