{
    "center": {
        "x": -1.9167979955673218,
        "y": 4.2028537380562006e-17,
        "z": -1.8927969932556153
    },
    "bounds": {
        "m_Center": {
            "x": 0.0,
            "y": 0.0,
            "z": 0.0
        },
        "m_Extent": {
            "x": 0.5,
            "y": 1.0,
            "z": 0.5
        }
    },
    "prefabs": [
        {
            "PrefabPath": "Assets/Prefabs/SamplePrefab.prefab",
            "position": {
                "x": -1.9167979955673218,
                "y": 4.2028537380562006e-17,
                "z": -1.8927969932556153
            },
            "eulerAngles": {
                "x": 1.3298261100192866e-16,
                "y": 84.00003814697266,
                "z": 1.2652526062249142e-15
            },
            "scale": {
                "x": 1.0148755311965943,
                "y": 1.0148755311965943,
                "z": 1.0148755311965943
            }
        }
    ]
}
